City_ID,City,Country,Lat,Lng,Max Temp,Humidity,Cloudiness,Wind Speed,Current Description
0,Khunti,IN,23.08,85.28,62.71,57,3,4.74,clear sky
1,Spornoye,RU,50.84,37.29,27.41,55,100,14.36,overcast clouds
2,Marion,US,39.77,-86.16,31.21,67,20,19.57,few clouds
3,Castro,BR,-24.79,-50.01,69.1,80,97,2.3,overcast clouds
4,Mataura,NZ,-46.19,168.86,41.05,81,45,3.44,scattered clouds
5,Baykit,RU,61.67,96.37,-5.1,96,100,6.22,overcast clouds
6,Busselton,AU,-33.65,115.33,60.57,94,13,7.76,few clouds
7,Attingal,IN,8.68,76.83,82.08,88,23,3.42,few clouds
8,Rikitea,PF,-23.12,-134.97,72.23,72,100,12.39,overcast clouds
9,Cabo San Lucas,MX,22.89,-109.91,69.1,72,20,6.91,few clouds
10,North Bend,US,43.41,-124.22,49.91,94,100,17.27,overcast clouds
11,Eureka,US,40.8,-124.16,49.93,70,100,7.0,overcast clouds
12,Lebu,CL,-37.62,-73.65,57.9,63,8,20.58,clear sky
13,Lavrentiya,RU,65.58,-171.0,29.93,97,100,8.77,snow
14,Shimoda,JP,34.67,138.95,57.11,81,89,10.25,overcast clouds
15,Nemuro,JP,43.32,145.57,29.62,57,33,23.87,scattered clouds
16,Punta Arenas,CL,-53.15,-70.92,53.62,50,75,25.32,broken clouds
17,Naryan-Mar,RU,67.67,53.09,4.66,96,10,7.45,clear sky
18,Kieta,PG,-6.22,155.63,79.09,87,96,5.03,light rain
19,Riyadh,SA,24.69,46.72,75.34,26,54,8.52,broken clouds
20,Eatonton,US,33.33,-83.39,62.24,88,100,7.38,overcast clouds
21,Mwinilunga,ZM,-11.74,24.43,67.46,89,100,2.93,moderate rain
22,Tasiilaq,GL,65.61,-37.64,35.76,98,100,17.34,moderate rain
23,Vaini,TO,-21.2,-175.2,75.36,94,75,5.75,broken clouds
24,Det Udom,TH,14.91,105.08,80.42,70,55,0.6,broken clouds
25,Georgetown,MY,5.41,100.34,82.24,88,20,1.14,few clouds
26,Longyearbyen,SJ,78.22,15.64,37.24,65,40,12.66,scattered clouds
27,Ahipara,NZ,-35.17,173.17,58.78,65,83,15.57,broken clouds
28,Kvarkeno,RU,52.08,59.72,3.18,80,8,7.87,clear sky
29,Mount Gambier,AU,-37.83,140.77,50.05,97,79,3.18,broken clouds
30,Port Alfred,ZA,-33.59,26.89,74.37,82,20,17.81,light rain
31,Shaunavon,CA,49.65,-108.42,-2.42,91,99,13.69,overcast clouds
32,Kaitangata,NZ,-46.28,169.85,43.43,79,37,7.99,scattered clouds
33,New Norfolk,AU,-42.78,147.06,51.71,64,98,2.71,overcast clouds
34,Hithadhoo,MV,-0.6,73.08,81.82,72,65,7.67,broken clouds
35,Acajutla,SV,13.59,-89.83,82.6,61,47,1.7,scattered clouds
36,Clyde River,CA,70.47,-68.59,-28.97,68,0,5.75,clear sky
37,San Patricio,US,28.02,-97.52,55.27,49,3,21.21,clear sky
38,Albany,US,42.6,-73.97,45.95,84,100,10.0,overcast clouds
39,Immokalee,US,26.42,-81.42,82.94,69,40,8.05,scattered clouds
40,Santa Fe,AR,-31.63,-60.7,87.3,23,68,15.61,light rain
41,Kutum,SD,14.2,24.67,79.05,21,12,7.23,few clouds
42,Nikolskoye,RU,59.7,30.79,24.69,86,100,4.32,overcast clouds
43,Dunmore Town,BS,25.5,-76.65,79.34,75,15,15.08,few clouds
44,Sumkino,RU,58.11,68.32,-4.47,93,95,4.99,overcast clouds
45,Kavieng,PG,-2.57,150.8,82.08,72,79,4.07,broken clouds
46,Nouakchott,MR,18.09,-15.98,87.73,38,0,12.66,clear sky
47,Yar-Sale,RU,66.83,70.83,-8.3,100,35,3.53,scattered clouds
48,Codrington,AU,-38.27,141.97,54.95,93,100,4.07,overcast clouds
49,Laguna,US,38.42,-121.42,49.01,93,0,0.0,clear sky
50,Ushuaia,AR,-54.8,-68.3,55.02,50,75,27.63,broken clouds
51,Bosaso,SO,11.28,49.18,79.12,72,3,7.27,clear sky
52,Yurty,RU,56.05,97.63,-3.41,84,49,11.16,scattered clouds
53,Bluff,NZ,-46.6,168.33,49.71,71,79,14.25,broken clouds
54,Lixourion,GR,38.2,20.43,60.8,72,75,18.41,broken clouds
55,Zharkent,KZ,44.16,80.0,30.34,44,98,2.39,overcast clouds
56,Barrow,US,71.29,-156.79,28.42,93,100,21.85,mist
57,Thompson,CA,55.74,-97.86,-12.84,77,100,14.97,light snow
58,Atbasar,KZ,51.8,68.33,8.29,81,100,14.36,overcast clouds
59,Cape Town,ZA,-33.93,18.42,78.12,53,0,9.22,clear sky
60,Bethel,US,41.37,-73.41,52.54,84,100,8.05,overcast clouds
61,Troitsko-Pechorsk,RU,62.71,56.2,6.42,98,100,2.28,overcast clouds
62,Satipo,PE,-11.25,-74.64,86.68,52,95,3.47,overcast clouds
63,Vagur,FO,61.47,-6.81,48.0,83,94,28.63,overcast clouds
64,Norman Wells,CA,65.28,-126.83,-18.36,76,75,3.44,broken clouds
65,Buraydah,SA,26.33,43.98,79.25,44,11,11.7,few clouds
66,Qaanaaq,GL,77.48,-69.36,-21.48,82,11,5.84,few clouds
67,Hobart,AU,-42.88,147.33,52.05,81,75,5.75,broken clouds
68,Vygonichi,RU,53.1,34.07,21.31,73,100,8.95,overcast clouds
69,Coruripe,BR,-10.13,-36.18,80.15,74,100,10.36,overcast clouds
70,Erzin,TR,36.96,36.2,60.44,72,99,3.87,overcast clouds
71,Dikson,RU,73.51,80.55,22.84,96,100,9.53,light snow
72,Urumqi,CN,43.8,87.6,-6.65,84,98,2.24,overcast clouds
73,Kapaa,US,22.08,-159.32,71.92,82,40,6.91,scattered clouds
74,Muros,ES,42.78,-9.06,56.08,93,100,8.28,overcast clouds
75,Kiunga,PG,-6.12,141.29,72.93,99,100,4.54,moderate rain
76,Aklavik,CA,68.22,-135.01,-2.2,78,100,2.3,light snow
77,La Primavera,CO,5.49,-70.41,84.92,59,30,14.34,scattered clouds
78,Shelburne,CA,44.08,-80.2,39.96,99,100,18.75,moderate rain
79,Tabasalu,EE,59.43,24.53,30.06,97,56,3.44,broken clouds
80,Butaritari,KI,3.07,172.79,81.05,77,27,11.18,scattered clouds
81,Cockburn Town,TC,21.46,-71.14,84.16,58,40,16.11,scattered clouds
82,Bambous Virieux,MU,-20.34,57.76,77.25,69,20,8.05,few clouds
83,Meulaboh,ID,4.14,96.13,76.78,88,91,2.15,overcast clouds
84,Presidencia Roque Saenz Pena,AR,-26.79,-60.44,101.71,20,3,4.72,clear sky
85,Puerto Ayora,EC,-0.74,-90.35,76.96,94,87,4.0,overcast clouds
86,Padang,ID,-0.95,100.35,75.25,91,100,4.61,light rain
87,Mahebourg,MU,-20.41,57.7,77.29,69,20,8.05,few clouds
88,Korhogo,CI,9.45,-5.63,94.21,25,56,3.56,broken clouds
89,Mushie,CD,-3.02,16.9,76.28,90,75,4.36,light rain
90,Chokurdakh,RU,70.63,147.92,-8.16,99,100,4.99,overcast clouds
91,Chuy,UY,-33.7,-53.46,81.09,59,71,14.12,broken clouds
92,Bowen,AU,-20.02,148.23,74.01,93,100,6.38,light rain
93,Kurilsk,RU,45.23,147.88,29.59,62,100,24.34,overcast clouds
94,Kodiak,US,57.79,-152.41,17.11,73,0,3.44,clear sky
95,Hermanus,ZA,-34.42,19.23,72.81,75,16,7.92,few clouds
96,Kemi,FI,65.86,24.82,28.17,100,100,4.61,light snow
97,Zhanakorgan,KZ,43.91,67.25,30.87,66,100,12.71,overcast clouds
98,Kozhevnikovo,RU,56.26,83.97,-13.92,97,9,0.92,clear sky
99,Dingle,PH,11.0,122.67,75.6,93,85,7.67,light rain
100,Tocopilla,CL,-22.09,-70.2,68.45,72,9,9.04,clear sky
101,Pafos,CY,34.77,32.42,67.78,73,75,4.61,broken clouds
102,Saint-Philippe,RE,-21.36,55.77,78.39,76,71,8.61,broken clouds
103,Poykovskiy,RU,61.23,73.33,-1.91,84,0,4.47,clear sky
104,Shitkino,RU,56.37,98.35,-3.44,91,99,11.43,overcast clouds
105,College,US,64.86,-147.8,2.21,77,100,3.44,overcast clouds
106,Khatanga,RU,71.97,102.5,-39.91,100,33,1.21,scattered clouds
107,Liaqatabad,PK,31.56,74.3,66.24,59,0,0.0,smoke
108,Tuatapere,NZ,-46.13,167.68,42.58,81,41,6.11,scattered clouds
109,Verkhoyansk,RU,67.54,133.38,-23.53,100,100,2.01,overcast clouds
110,Pisco,PE,-13.7,-76.22,73.45,68,20,8.05,few clouds
111,Carnarvon,AU,-24.87,113.63,70.29,81,0,16.15,clear sky
112,Olafsvik,IS,64.89,-23.71,45.7,96,100,20.07,light rain
113,Yellowknife,CA,62.46,-114.35,-21.44,76,40,4.61,scattered clouds
114,Hilo,US,19.73,-155.09,80.28,88,100,3.44,overcast clouds
115,Port Lincoln,AU,-34.73,135.87,57.25,82,64,14.63,broken clouds
116,Pangnirtung,CA,66.15,-65.71,-5.8,59,20,23.02,few clouds
117,San Jose,US,37.34,-121.9,50.86,80,0,1.01,clear sky
118,Elizabeth City,US,36.29,-76.25,62.02,96,100,6.91,moderate rain
119,Beringovskiy,RU,63.05,179.32,25.14,97,74,5.88,broken clouds
120,Nabire,ID,-3.37,135.48,76.28,91,100,4.07,overcast clouds
121,Hengshui,CN,37.73,115.7,20.66,20,44,6.67,scattered clouds
122,Faanui,PF,-16.48,-151.75,79.86,75,4,13.67,clear sky
123,Hilotongan,PH,11.14,123.64,81.81,81,100,16.73,heavy intensity rain
124,Luderitz,NA,-26.65,15.16,68.79,66,3,16.96,clear sky
125,Fairbanks,US,64.84,-147.72,2.23,78,100,3.44,overcast clouds
126,Port Elizabeth,ZA,-33.92,25.57,78.1,73,75,23.02,broken clouds
127,Camabatela,AO,-8.19,15.38,67.59,95,60,3.89,light rain
128,Saint-Augustin,CA,51.23,-58.65,15.13,77,18,6.87,few clouds
129,Awjilah,LY,29.11,21.29,66.6,40,2,10.63,clear sky
130,Jamestown,US,42.1,-79.24,47.05,71,100,24.16,heavy intensity rain
131,Atuona,PF,-9.8,-139.03,77.56,76,42,16.53,light rain
132,Ojinaga,MX,29.57,-104.42,56.57,44,0,16.11,clear sky
133,Bengkulu,ID,-3.8,102.27,76.71,87,99,5.17,overcast clouds
134,Vila Franca Do Campo,PT,37.72,-25.43,66.2,70,70,3.06,broken clouds
135,Airai,TL,-8.93,125.41,60.67,92,100,0.4,overcast clouds
136,Ponta Do Sol,PT,32.67,-17.1,74.01,63,7,1.01,clear sky
137,Jesup,US,31.61,-81.89,66.13,88,100,5.75,heavy intensity rain
138,Port Macquarie,AU,-31.43,152.92,59.9,70,100,1.28,overcast clouds
139,Cape Coast,GH,5.11,-1.25,82.81,72,82,9.08,broken clouds
140,Cherskiy,RU,68.75,161.3,-8.03,89,100,2.82,overcast clouds
141,Port Blair,IN,11.67,92.75,82.44,83,40,6.91,mist
142,San Rafael,AR,-34.62,-68.33,81.91,18,4,14.67,clear sky
143,Lorengau,PG,-2.02,147.27,81.45,80,50,6.96,scattered clouds
144,Iqaluit,CA,63.75,-68.51,-20.31,75,20,6.91,few clouds
145,Guiyang,CN,26.58,106.72,32.49,93,100,8.95,overcast clouds
146,Jalu,LY,29.03,21.55,67.66,38,3,8.28,clear sky
147,Sosnovo-Ozerskoye,RU,52.52,111.54,-8.09,82,38,12.3,scattered clouds
148,Puerto Cabezas,NI,14.04,-83.39,84.16,79,75,11.5,broken clouds
149,Comodoro Rivadavia,AR,-45.87,-67.5,67.86,17,0,16.11,clear sky
150,Kamenka,RU,51.32,42.77,23.94,54,12,7.16,few clouds
151,Diego De Almagro,CL,-26.37,-70.05,75.04,29,0,10.38,clear sky
152,Paamiut,GL,61.99,-49.67,26.56,85,100,46.42,overcast clouds
153,Mar Del Plata,AR,-38.0,-57.56,72.82,85,75,11.5,light rain
154,Ambon,ID,-3.7,128.18,78.24,15,40,5.75,light rain
155,Saint George,US,37.1,-113.58,27.19,54,0,0.0,clear sky
156,Coquimbo,CL,-29.95,-71.34,65.93,77,100,10.36,overcast clouds
157,Ribeira Grande,PT,38.52,-28.7,64.8,68,40,4.61,scattered clouds
158,Svetlaya,RU,46.54,138.33,1.27,72,31,11.65,scattered clouds
159,Tuktoyaktuk,CA,69.45,-133.04,-2.2,84,100,8.05,light snow
160,Kamaishi,JP,39.27,141.88,36.66,61,64,5.66,broken clouds
161,Moba,CN,33.23,105.02,21.49,40,74,4.61,broken clouds
162,Evensk,RU,61.95,159.23,23.81,95,100,13.4,snow
163,Honiara,SB,-9.43,159.95,77.83,88,100,1.57,overcast clouds
164,Charters Towers,AU,-20.1,146.27,67.23,88,100,15.32,moderate rain
165,Saint-Denis,FR,48.92,2.33,45.99,88,100,9.22,overcast clouds
166,Haines Junction,CA,60.75,-137.51,-29.25,75,57,1.14,broken clouds
167,Bafoulabe,ML,13.81,-10.83,92.98,15,92,4.25,overcast clouds
168,Kadirli,TR,37.37,36.1,60.96,67,100,3.09,overcast clouds
169,Sretensk,RU,52.25,117.71,-31.94,99,47,1.92,scattered clouds
170,Lompoc,US,34.64,-120.46,56.79,96,100,6.91,overcast clouds
171,Lazurne,UA,46.08,32.53,42.91,70,95,19.57,overcast clouds
172,Berlevag,NO,70.86,29.09,35.6,75,100,12.66,overcast clouds
173,La Asuncion,VE,11.03,-63.86,76.73,100,8,8.05,clear sky
174,Ostrovnoy,RU,68.05,39.51,26.28,95,90,12.57,overcast clouds
175,Kruisfontein,ZA,-34.0,24.73,75.88,52,42,8.95,light rain
176,Merauke,ID,-8.47,140.33,80.46,82,100,13.22,heavy intensity rain
177,Kineta,GR,37.97,23.22,58.6,86,100,3.09,overcast clouds
178,Rorvik,NO,64.86,11.24,37.51,65,100,10.36,overcast clouds
179,Panzhihua,CN,26.59,101.71,54.52,71,0,1.57,clear sky
180,Anisoc,GQ,1.87,10.77,76.59,88,79,1.23,moderate rain
181,Ihosy,MG,-22.4,46.12,74.37,57,92,7.99,overcast clouds
182,Sinnamary,GF,5.38,-52.95,79.75,84,37,8.77,scattered clouds
183,Bredasdorp,ZA,-34.53,20.04,73.89,52,51,13.82,broken clouds
184,Anju,KP,39.62,125.66,17.06,31,0,4.43,clear sky
185,Lethem,GY,3.38,-59.8,87.03,56,88,9.73,overcast clouds
186,Aurillac,FR,44.92,2.45,43.68,72,20,2.3,few clouds
187,Avarua,CK,-21.21,-159.78,75.25,83,20,8.05,few clouds
188,Provideniya,RU,64.38,-173.3,28.67,97,100,8.28,overcast clouds
189,Souillac,MU,-20.52,57.52,77.38,69,20,8.05,few clouds
190,Teluk Nibung,ID,3.0,99.82,77.29,88,98,4.72,light rain
191,Inuvik,CA,68.35,-133.72,0.36,84,100,3.44,light snow
192,Eha Amufu,NG,6.66,7.76,93.13,22,87,3.74,overcast clouds
193,Agirish,RU,61.92,63.02,4.51,96,100,2.53,overcast clouds
194,Tecoanapa,MX,16.52,-98.75,82.81,65,92,3.44,overcast clouds
195,Hasaki,JP,35.73,140.83,55.8,75,100,29.12,overcast clouds
196,Emmett,US,43.87,-116.5,37.69,91,100,8.99,overcast clouds
197,Nanortalik,GL,60.14,-45.24,29.71,84,63,15.7,broken clouds
198,Marsh Harbour,BS,26.54,-77.06,78.55,71,68,12.08,broken clouds
199,Guerrero Negro,MX,27.98,-114.06,61.52,72,6,8.21,clear sky
200,Nanakuli,US,21.39,-158.15,73.42,63,0,4.61,clear sky
201,Trelew,AR,-43.25,-65.31,74.91,29,31,12.59,scattered clouds
202,Aguimes,ES,27.91,-15.45,71.65,56,20,20.71,few clouds
203,Tres Arroyos,AR,-38.37,-60.28,71.53,47,100,12.97,overcast clouds
204,Guangyuan,CN,32.44,105.82,31.23,84,93,5.84,overcast clouds
205,Saint Anthony,US,45.02,-93.22,17.55,71,100,21.85,overcast clouds
206,Rio Gallegos,AR,-51.62,-69.22,64.45,22,20,31.07,few clouds
207,Tanda,IN,26.55,82.65,65.64,50,26,4.9,scattered clouds
208,Piquete,BR,-22.61,-45.18,81.05,58,61,3.49,broken clouds
209,Alexandria,EG,31.22,29.96,71.56,53,40,5.75,scattered clouds
210,Saldanha,ZA,-33.01,17.94,77.05,79,36,11.9,scattered clouds
211,Valparaiso,CL,-33.04,-71.63,68.0,75,75,9.22,broken clouds
212,High Level,CA,58.52,-117.14,-16.49,76,20,9.22,few clouds
213,Dunedin,NZ,-45.87,170.5,47.8,69,12,8.99,few clouds
214,Ambilobe,MG,-13.2,49.05,76.48,83,51,3.44,moderate rain
215,Kavaratti,IN,10.57,72.64,82.11,69,23,2.06,few clouds
216,Dong Hoi,VN,17.48,106.6,77.14,89,25,7.78,scattered clouds
217,Burns Lake,CA,54.23,-125.75,-0.98,86,100,14.16,overcast clouds
218,Mehamn,NO,71.04,27.85,35.55,87,100,9.22,overcast clouds
219,Caravelas,BR,-17.71,-39.25,80.96,79,97,9.48,overcast clouds
220,Oum Hadjer,TD,13.3,19.7,87.64,16,50,7.43,scattered clouds
221,Ordzhonikidze,KZ,52.44,61.74,1.51,85,78,9.48,broken clouds
222,Kovernino,RU,57.13,43.81,7.86,97,27,0.89,scattered clouds
223,Kamina,CD,-8.74,24.99,69.46,86,99,2.17,light rain
224,Victoria,HK,22.29,114.16,67.24,80,100,17.0,overcast clouds
225,Hyeres,FR,43.12,6.12,59.65,64,0,3.44,clear sky
226,Torbay,CA,47.67,-52.73,25.39,76,75,13.8,broken clouds
227,Lishui,CN,28.46,119.91,36.45,93,100,3.76,overcast clouds
228,Prado,BR,-17.34,-39.22,81.28,85,99,5.99,overcast clouds
229,Buala,SB,-8.14,159.59,79.12,84,100,5.41,moderate rain
230,Kichera,RU,55.94,110.1,-8.27,99,100,2.51,light snow
231,Tshikapa,CD,-6.42,20.8,77.18,83,67,1.99,light rain
232,Guipavas,FR,48.44,-4.4,46.56,83,75,10.36,broken clouds
233,Mamallapuram,IN,12.63,80.17,80.65,84,3,12.84,clear sky
234,Wattegama,LK,6.8,81.48,73.6,94,82,3.29,broken clouds
235,Yarovoye,RU,52.93,78.58,-4.47,89,6,7.92,clear sky
236,Saint-Pierre,RE,-21.34,55.48,78.48,69,20,5.75,few clouds
237,Chaplynka,UA,46.37,33.54,40.06,67,81,15.12,broken clouds
238,Barentu,ER,15.11,37.59,82.63,20,0,10.4,clear sky
239,Teluknaga,ID,-6.1,106.64,80.64,88,20,4.61,few clouds
240,Cidreira,BR,-30.18,-50.21,72.75,86,76,17.29,broken clouds
241,Bella Union,UY,-30.28,-57.6,95.88,27,0,4.94,clear sky
242,Tandlianwala,PK,31.03,73.13,65.32,24,0,4.27,clear sky
243,Saskylakh,RU,71.92,114.08,-29.34,100,100,6.87,overcast clouds
244,Maragogi,BR,-9.01,-35.22,78.85,74,100,7.23,overcast clouds
245,Baker City,US,44.77,-117.83,30.6,84,100,19.57,overcast clouds
246,Sarankhola,BD,22.31,89.79,72.91,54,0,4.12,clear sky
247,Okha,RU,53.57,142.95,-0.89,91,89,21.9,overcast clouds
248,Weatherford,US,32.76,-97.8,38.3,55,0,8.01,clear sky
249,Te Anau,NZ,-45.42,167.72,39.4,91,12,1.68,few clouds
250,Bonavista,CA,48.65,-53.11,27.3,78,95,15.28,overcast clouds
251,Resistencia,AR,-27.46,-58.98,94.98,34,0,5.75,clear sky
252,Frederico Westphalen,BR,-27.36,-53.39,81.45,44,43,2.39,scattered clouds
253,Sioux Lookout,CA,50.1,-91.92,15.87,86,100,16.11,overcast clouds
254,Harper,LR,4.38,-7.72,82.26,72,97,6.58,light rain
255,Denizli,TR,37.84,29.07,57.87,70,100,0.74,overcast clouds
256,Akyab,MM,20.15,92.9,79.36,79,0,11.68,clear sky
257,Hendrina,ZA,-26.16,29.72,70.29,36,4,10.6,clear sky
258,Parsons,US,37.34,-95.26,29.98,38,0,10.8,clear sky
259,Evanston,US,42.04,-87.69,26.11,69,75,20.71,broken clouds
260,Hobyo,SO,5.35,48.53,80.42,71,39,14.25,scattered clouds
261,Wuning,CN,29.26,120.23,34.11,90,100,3.36,overcast clouds
262,Lufilufi,WS,-13.87,-171.6,73.18,76,83,3.13,broken clouds
263,Cuajinicuilapa,MX,16.47,-98.42,84.56,61,72,2.37,broken clouds
264,Arona,ES,28.1,-16.68,66.38,58,75,17.27,broken clouds
265,Cotacachi,EC,0.3,-78.27,65.75,59,78,3.6,broken clouds
266,Sambava,MG,-14.27,50.17,75.72,84,6,2.73,clear sky
267,Moranbah,AU,-22.0,148.05,63.99,91,100,18.97,overcast clouds
268,Heinola,FI,61.21,26.04,28.0,98,99,2.73,overcast clouds
269,Viransehir,TR,37.24,39.76,53.26,86,97,12.71,overcast clouds
270,Pangai,TO,-19.8,-174.35,79.27,76,66,9.33,broken clouds
271,Shiyan,CN,32.65,110.78,30.16,84,100,1.34,overcast clouds
272,Ucluelet,CA,48.93,-125.55,36.09,79,99,17.96,overcast clouds
273,Mareeba,AU,-17.0,145.43,72.45,98,100,3.36,light rain
274,Palmer,US,42.16,-72.33,50.86,81,100,3.0,overcast clouds
275,Severo-Kurilsk,RU,50.68,156.12,32.56,80,85,13.65,light snow
276,Quelimane,MZ,-17.88,36.89,76.95,69,75,8.05,broken clouds
277,Chumikan,RU,54.72,135.32,-5.3,73,100,23.33,overcast clouds
278,Maxixe,MZ,-23.86,35.35,80.42,50,40,15.01,scattered clouds
279,Inhambane,MZ,-23.86,35.38,80.58,50,40,15.01,scattered clouds
280,Upernavik,GL,72.79,-56.15,6.71,91,100,16.87,light snow
281,Poum,NC,-20.23,164.02,80.85,83,70,11.86,broken clouds
282,Tigil,RU,57.8,158.67,23.67,97,100,4.38,overcast clouds
283,Westport,US,41.14,-73.36,55.74,90,100,7.0,overcast clouds
284,Kupang,ID,-10.17,123.58,77.58,94,40,0.0,scattered clouds
285,Arraial Do Cabo,BR,-22.97,-42.03,78.66,83,75,23.02,broken clouds
286,Hecelchakan,MX,20.17,-90.13,84.18,60,100,6.42,overcast clouds
287,Oksfjord,NO,70.24,22.35,37.58,90,93,2.95,overcast clouds
288,Taltal,CL,-25.4,-70.48,65.79,73,46,5.66,scattered clouds
289,Taunggyi,MM,20.78,97.03,60.73,93,9,0.67,clear sky
290,Aksarka,RU,66.56,67.8,-7.56,97,16,2.35,few clouds
291,Sirjan,IR,29.45,55.68,57.81,26,100,6.38,overcast clouds
292,Saint Cloud,US,45.56,-94.16,15.8,70,75,23.02,broken clouds
293,Auki,SB,-8.77,160.7,76.62,88,100,3.06,overcast clouds
294,Aberdeen,GB,57.14,-2.1,43.48,94,100,12.66,overcast clouds
295,East London,ZA,-33.02,27.91,70.74,83,20,23.02,few clouds
296,Linxia,CN,35.6,103.21,18.09,36,11,2.57,few clouds
297,Leningradskiy,RU,69.38,178.42,0.5,96,81,6.73,broken clouds
298,Kayes,ML,14.0,-11.0,91.74,15,79,5.64,broken clouds
299,Kelso,US,46.15,-122.91,45.46,97,100,4.0,overcast clouds
300,Kapit,MY,2.02,112.93,73.17,99,100,1.25,overcast clouds
301,Cayenne,GF,4.93,-52.33,86.04,66,40,12.66,scattered clouds
302,Wajir,KE,1.75,40.06,93.16,29,20,0.0,few clouds
303,Beyneu,KZ,45.32,55.2,24.8,33,0,8.55,clear sky
304,Frontera,MX,26.93,-101.45,58.32,60,1,5.99,clear sky
305,Sakaiminato,JP,35.55,133.23,42.78,75,75,8.05,broken clouds
306,Harnosand,SE,62.63,17.94,37.0,83,100,2.66,overcast clouds
307,Guiratinga,BR,-16.35,-53.76,99.55,20,8,9.37,clear sky
308,Pevek,RU,69.7,170.31,-10.08,97,40,5.57,scattered clouds
309,Narrabri,AU,-30.32,149.78,64.53,90,100,2.21,light rain
310,Seoul,KR,37.57,126.98,22.44,52,0,11.5,clear sky
311,Chapais,CA,49.78,-74.85,22.78,92,100,19.98,light snow
312,Pandan,PH,14.05,124.17,80.13,87,92,15.03,overcast clouds
313,Shingu,JP,33.73,135.98,46.54,73,61,6.93,broken clouds
314,Krasnoselkup,RU,65.7,82.47,-7.31,100,90,8.14,overcast clouds
315,Miri,MY,4.41,114.01,80.74,83,40,5.75,scattered clouds
316,Rawson,AR,-43.3,-65.1,68.63,45,38,12.28,light rain
317,Raudeberg,NO,61.99,5.14,43.47,72,58,8.79,broken clouds
318,Aykhal,RU,66.0,111.5,-28.66,100,97,10.33,overcast clouds
319,Tura,IN,25.52,90.22,63.39,81,1,3.4,clear sky
320,Pascagoula,US,30.37,-88.56,71.65,93,40,5.75,scattered clouds
321,Villa Del Rosario,CO,7.83,-72.47,73.78,100,75,6.91,fog
322,Sao Gabriel Da Cachoeira,BR,-0.13,-67.09,85.8,74,40,5.75,scattered clouds
323,Jinka,ET,5.65,36.65,73.24,36,81,2.68,broken clouds
324,Sedalia,US,38.7,-93.23,27.75,59,0,11.5,clear sky
325,Nsanje,MW,-16.92,35.26,74.84,82,68,4.7,light rain
326,Strone,GB,55.99,-4.91,43.72,88,100,1.99,light rain
327,Constitucion,CL,-35.33,-72.42,63.95,65,16,15.61,few clouds
328,Jiayuguan,CN,39.82,98.3,7.84,78,5,4.09,clear sky
329,Rio Grande,BR,-32.03,-52.1,84.31,74,39,18.25,scattered clouds
330,Guanare,VE,9.04,-69.74,91.42,46,27,6.91,scattered clouds
331,Upata,VE,8.01,-62.4,82.18,58,58,4.72,broken clouds
332,Hearst,CA,49.68,-83.67,30.45,81,100,16.4,overcast clouds
333,Fandriana,MG,-20.23,47.38,63.9,88,99,2.71,moderate rain
334,Umba,RU,66.69,34.34,30.0,92,100,5.03,overcast clouds
335,Salvador,SV,13.83,-88.92,80.06,64,33,3.09,scattered clouds
336,Sakakah,SA,29.97,40.21,62.17,56,0,6.6,clear sky
337,Fuyu,CN,45.18,124.82,3.07,55,4,14.0,clear sky
338,Taganak,PH,6.08,118.3,80.74,84,100,14.92,moderate rain
339,Kharp,RU,66.8,65.81,-3.3,99,59,3.18,broken clouds
340,Loukhi,RU,66.08,33.04,27.1,95,100,3.69,overcast clouds
341,Hamilton,US,39.18,-84.53,36.86,65,0,19.57,clear sky
342,Oxford,GB,51.75,-1.26,48.74,89,75,5.75,broken clouds
343,Lagoa,PT,39.05,-27.98,62.28,76,0,9.26,clear sky
344,Mecca,SA,21.43,39.83,81.84,57,92,7.38,overcast clouds
345,Flinders,AU,-34.58,150.86,55.26,82,90,4.34,overcast clouds
346,Rio Hato,PA,8.38,-80.17,80.15,78,40,3.44,scattered clouds
347,Soe,ID,-9.86,124.28,66.85,92,90,2.86,overcast clouds
348,Belyy Yar,RU,53.6,91.39,-14.91,76,20,0.0,few clouds
349,Lima,PE,-12.04,-77.03,70.05,73,75,10.36,broken clouds
350,Noumea,NC,-22.28,166.46,81.0,99,30,4.72,scattered clouds
351,Byron Bay,AU,-28.65,153.62,61.95,89,100,12.57,light rain
352,Ningxiang,CN,37.34,111.21,12.02,17,24,5.66,few clouds
353,Tuy Hoa,VN,13.08,109.3,75.7,92,100,5.55,overcast clouds
354,Vao,NC,-22.67,167.48,77.54,84,49,6.46,scattered clouds
355,Katsuura,JP,35.13,140.3,55.06,83,100,22.97,overcast clouds
356,Bulgan,MN,48.81,103.53,-10.64,88,30,3.2,scattered clouds
357,Buncrana,IE,55.13,-7.45,51.57,86,99,11.48,light rain
358,Nhulunbuy,AU,-12.23,136.77,77.61,94,100,0.0,overcast clouds
359,Akdepe,TM,42.06,59.38,24.89,31,1,7.43,clear sky
360,Porto Novo,BJ,6.5,2.6,87.62,64,79,8.84,broken clouds
361,Sholapur,IN,17.68,75.92,71.02,35,1,11.56,clear sky
362,Norden,DE,53.6,7.2,42.15,97,100,9.1,overcast clouds
363,Odweyne,SO,9.41,45.06,70.14,43,4,17.43,clear sky
364,Taoudenni,ML,22.68,-3.98,79.2,10,0,11.9,clear sky
365,Bonnyville,CA,54.27,-110.74,-8.28,97,100,8.99,overcast clouds
366,Yalutorovsk,RU,56.65,66.3,3.38,84,100,5.23,overcast clouds
367,Hofn,IS,64.25,-15.21,46.9,99,100,12.08,overcast clouds
368,Necochea,AR,-38.55,-58.74,65.98,61,100,16.6,overcast clouds
369,Cajnice,BA,43.56,19.07,34.36,99,100,2.37,overcast clouds
370,San Roque,ES,36.21,-5.38,63.43,59,75,4.61,broken clouds
371,Kasongo-Lunda,CD,-6.47,16.82,71.71,91,100,0.98,overcast clouds
372,Ushtobe,KZ,45.25,77.98,29.52,97,100,5.7,light snow
373,Kenai,US,60.55,-151.26,-9.31,92,0,4.61,clear sky
374,Maningrida,AU,-12.07,134.27,79.21,65,100,3.49,overcast clouds
375,Ilebo,CD,-4.32,20.58,74.79,93,89,2.62,light rain
376,Baglan,AF,36.13,68.71,53.49,60,100,1.25,overcast clouds
377,Salinopolis,BR,-0.61,-47.36,85.48,59,99,5.97,overcast clouds
378,Isangel,VU,-19.55,169.27,79.11,82,97,5.91,overcast clouds
379,Saint-Francois,FR,46.42,3.91,45.84,81,100,9.22,overcast clouds
380,Mezen,RU,65.85,44.24,28.45,90,100,5.66,overcast clouds
381,Komsomolskiy,UZ,40.43,71.72,45.32,93,100,6.91,fog
382,Hun,LY,29.13,15.95,62.2,35,0,7.83,clear sky
383,Kindu,CD,-2.95,25.95,73.27,85,99,1.41,overcast clouds
384,Mogadishu,SO,2.04,45.34,80.83,74,30,17.98,scattered clouds
385,Xingyi,CN,24.19,102.82,52.21,75,1,3.44,clear sky
386,Avera,US,33.19,-82.53,60.85,97,100,9.78,overcast clouds
387,Manzanillo,CU,20.34,-77.12,88.3,46,5,13.62,clear sky
388,Fortuna,US,40.6,-124.16,49.66,72,75,14.97,broken clouds
389,Saryagash,KZ,41.45,69.17,48.16,82,93,12.91,overcast clouds
390,Khandagayty,RU,50.73,92.05,-18.56,94,87,5.48,overcast clouds
391,Salym,RU,60.06,71.48,-14.76,97,76,3.0,broken clouds
392,Tual,ID,-5.67,132.75,83.55,75,100,21.09,overcast clouds
393,Xiongyue,CN,40.18,122.12,25.0,39,87,12.91,overcast clouds
394,Kushmurun,KZ,52.45,64.63,2.91,84,96,10.67,overcast clouds
395,Gorom-Gorom,BF,14.44,-0.24,91.71,10,47,8.05,scattered clouds
396,Puerto Varas,CL,-41.32,-72.99,53.82,54,75,10.36,broken clouds
397,Paracatu,BR,-17.22,-46.87,89.29,35,20,4.65,few clouds
398,Villa Carlos Paz,AR,-31.42,-64.5,70.05,70,99,12.01,light rain
399,Senanga,ZM,-16.12,23.27,86.85,33,46,7.11,scattered clouds
400,Singapore,SG,1.29,103.85,82.04,92,75,3.44,broken clouds
401,Selty,RU,57.31,52.13,12.61,98,99,3.02,overcast clouds
402,Lata,PT,40.16,-8.33,51.08,95,100,4.99,overcast clouds
403,Tomatlan,MX,19.93,-105.25,79.38,54,23,1.14,few clouds
404,Vila Velha,BR,-20.33,-40.29,80.55,78,100,12.66,overcast clouds
405,Mehriz,IR,31.59,54.43,54.1,38,100,2.86,overcast clouds
406,Hanna,CA,51.63,-111.9,0.86,85,100,13.0,overcast clouds
407,Sal Rei,CV,16.18,-22.92,75.78,63,5,16.49,clear sky
408,Vardo,NO,70.37,31.11,30.18,86,0,17.27,clear sky
409,Wajima,JP,37.4,136.9,40.73,88,100,17.72,overcast clouds
410,Karratha,AU,-20.74,116.85,81.84,55,28,9.28,light rain
411,Tezu,IN,27.92,96.17,65.86,44,34,4.76,scattered clouds
412,Fereydun Kenar,IR,36.69,52.52,59.05,72,87,4.68,overcast clouds
413,Dubrovnik,HR,42.65,18.09,56.84,50,40,8.05,scattered clouds
414,Humberto De Campos,BR,-2.6,-43.46,85.95,56,82,5.12,broken clouds
415,Chicama,PE,-7.84,-79.15,68.54,60,88,9.1,overcast clouds
416,Sorong,ID,-0.88,131.25,79.86,81,97,4.34,overcast clouds
417,Ampanihy,MG,-24.7,44.75,72.36,83,100,6.67,light rain
418,Sibolga,ID,1.74,98.78,76.62,86,100,2.86,light rain
419,Fort Nelson,CA,58.81,-122.7,-27.81,75,20,0.0,few clouds
420,Tripoli,LY,32.88,13.19,63.75,47,16,17.47,few clouds
421,Makakilo City,US,21.35,-158.09,71.98,84,0,4.61,clear sky
422,General Roca,AR,-39.03,-67.58,77.63,31,5,6.91,clear sky
423,Labuhan,ID,-6.88,112.21,76.32,85,100,12.35,overcast clouds
424,Banfora,BF,10.63,-4.77,95.4,19,44,5.7,scattered clouds
425,Hazorasp,UZ,41.32,61.07,22.84,43,6,6.26,clear sky
426,Tucuman,AR,-26.82,-65.22,86.0,48,20,12.66,light rain
427,Bilma,NE,18.69,12.92,74.32,23,29,7.38,scattered clouds
428,El Estor,GT,15.53,-89.35,81.95,67,76,0.89,broken clouds
429,Grindavik,IS,63.84,-22.43,49.95,100,100,24.16,light intensity drizzle
430,Ust-Nera,RU,64.57,143.2,-17.27,99,100,9.1,overcast clouds
431,Cooma,AU,-36.23,149.13,51.49,91,98,1.79,overcast clouds
432,Santa Isabel,BR,-23.32,-46.22,80.31,70,92,5.37,overcast clouds
433,Tiksi,RU,71.69,128.87,-12.3,99,100,13.24,overcast clouds
434,Pedernales,DO,18.04,-71.74,82.99,62,0,7.81,clear sky
435,Namibe,AO,-15.2,12.15,72.36,72,16,10.98,few clouds
436,Yulara,AU,-25.24,130.99,71.87,19,0,9.24,clear sky
437,Marawi,PH,8.0,124.29,67.71,94,100,1.43,overcast clouds
438,Vestmanna,FO,62.16,-7.17,47.32,87,100,17.27,light rain
439,Karwar,IN,14.8,74.13,76.68,68,0,6.73,clear sky
440,Sar-E Pul,AF,35.83,66.17,41.76,74,91,0.83,overcast clouds
441,Kargasok,RU,59.06,80.86,-19.19,100,81,1.28,broken clouds
442,Bure,ET,10.7,37.07,64.0,57,78,4.07,broken clouds
443,Molochnoye,RU,59.29,39.68,10.26,96,43,3.56,scattered clouds
444,Bako,ET,5.78,36.57,71.15,44,83,4.56,broken clouds
445,Abu Kamal,SY,34.45,40.92,60.84,68,90,5.48,overcast clouds
446,Takoradi,GH,4.88,-1.76,83.08,70,75,7.4,light rain
447,Dali,CN,25.7,100.18,49.95,77,0,4.63,clear sky
448,Anadyr,RU,64.75,177.48,19.9,100,57,4.47,broken clouds
449,Storslett,NO,69.77,21.02,32.0,69,75,13.8,broken clouds
450,Zhigansk,RU,66.77,123.37,-29.87,94,100,10.67,overcast clouds
451,Salalah,OM,17.02,54.09,77.59,72,0,6.76,clear sky
452,Wote,KE,-1.78,37.63,63.99,96,98,3.0,light rain
453,Touros,BR,-5.2,-35.46,84.38,56,99,12.28,overcast clouds
454,Husavik,IS,66.04,-17.34,41.25,91,99,14.83,overcast clouds
455,Aranos,NA,-24.13,19.12,94.57,14,79,8.01,broken clouds
456,Cabadiangan,PH,9.75,122.47,77.52,86,100,6.44,light rain
457,Bolobo,CD,-2.17,16.23,77.83,77,42,4.25,scattered clouds
458,Sitka,US,57.05,-135.33,20.1,47,0,9.08,clear sky
459,Nacala,MZ,-14.54,40.67,78.55,74,16,6.42,few clouds
460,Esperance,AU,-33.87,121.9,65.46,64,53,10.94,broken clouds
461,Batemans Bay,AU,-35.72,150.18,63.1,92,100,2.57,overcast clouds
462,Morehead,US,37.27,-87.18,37.99,62,0,10.36,clear sky
463,Naze,JP,28.37,129.48,58.12,79,100,18.3,light rain
464,Gold Coast,AU,-28.0,153.43,64.9,90,100,13.8,overcast clouds
465,Coihaique,CL,-45.58,-72.07,55.35,41,20,9.22,few clouds
466,Kahului,US,20.89,-156.47,76.84,88,75,3.44,broken clouds
467,Namatanai,PG,-3.67,152.43,79.29,80,93,2.53,overcast clouds
468,Carbonia,IT,39.17,8.52,57.85,71,2,7.27,clear sky
469,Zhanaozen,KZ,43.3,52.8,28.38,39,47,11.05,scattered clouds
470,Yerbogachen,RU,61.28,108.01,2.53,95,100,9.26,light snow
471,Erenhot,CN,43.65,111.98,3.97,68,4,9.91,clear sky
472,Kanganpur,PK,30.77,74.12,65.35,25,0,2.8,clear sky
473,Tocoa,HN,15.68,-86.0,83.82,51,25,2.3,scattered clouds
474,Yudong,CN,29.38,106.52,49.5,80,100,3.42,overcast clouds
475,Baringo,KE,0.47,35.97,76.32,47,78,9.24,broken clouds
476,Sao Filipe,CV,14.9,-24.5,77.0,61,50,8.08,scattered clouds
477,Zyryanka,RU,65.75,150.85,-17.73,98,100,13.76,light snow
478,Cururupu,BR,-1.83,-44.87,93.02,42,84,4.34,broken clouds
479,Tchibanga,GA,-2.85,11.03,93.34,52,75,4.61,broken clouds
480,Mayumba,GA,-3.43,10.66,79.95,79,92,9.1,overcast clouds
481,Srednekolymsk,RU,67.45,153.68,-15.43,99,100,5.91,light snow
482,Nagai,JP,38.1,140.04,34.74,87,96,6.98,light snow
483,Conneaut,US,41.95,-80.55,42.12,90,100,28.83,overcast clouds
484,Cobija,BO,-11.03,-68.77,89.78,62,75,11.5,broken clouds
485,Mandalgovi,MN,45.76,106.27,-2.43,56,10,4.5,clear sky
486,Hualmay,PE,-11.1,-77.61,71.62,72,94,10.11,overcast clouds
487,Sao Joao Da Barra,BR,-21.64,-41.05,78.89,85,100,16.51,overcast clouds
488,Bandarbeyla,SO,9.49,50.81,79.18,72,0,15.35,clear sky
489,Balykshi,KZ,47.07,51.87,21.2,42,0,13.42,clear sky
490,Oktyabrskoye,RU,43.06,44.74,32.14,93,100,6.71,overcast clouds
491,Shurugwi,ZW,-19.67,30.01,68.49,40,0,8.77,clear sky
492,Pontianak,ID,-0.03,109.33,76.98,94,75,4.61,broken clouds
493,Florence,IT,43.77,11.25,48.51,76,0,14.97,clear sky
494,Namangan,UZ,41.0,71.67,45.05,81,24,4.61,mist
495,Pytalovo,RU,57.07,27.91,17.6,96,87,4.41,overcast clouds
496,Ulladulla,AU,-35.35,150.47,54.63,88,90,3.31,overcast clouds
497,Gouyave,GD,12.16,-61.73,84.97,62,20,18.41,few clouds
498,Rudnogorsk,RU,57.26,103.75,-5.26,96,100,12.1,light snow
499,Ilulissat,GL,69.22,-51.1,17.19,86,100,18.25,overcast clouds
500,Olinda,BR,-8.01,-34.86,74.93,88,100,0.0,overcast clouds
501,Valenca Do Piaui,BR,-6.41,-41.75,90.32,41,87,5.41,overcast clouds
502,Buta,CD,2.79,24.73,74.62,90,100,2.95,overcast clouds
503,Dubbo,AU,-32.25,148.62,62.73,67,75,11.5,broken clouds
504,Antibes,FR,43.56,7.13,56.68,71,20,8.05,few clouds
505,Oktyabrskiy,RU,54.48,53.47,6.17,99,71,2.71,broken clouds
506,Cam Ranh,VN,11.92,109.16,78.76,94,40,13.8,scattered clouds
507,Dobele,LV,56.62,23.28,28.98,96,100,4.07,overcast clouds
508,Predivinsk,RU,57.07,93.44,-7.67,96,86,5.5,overcast clouds
509,Maniitsoq,GL,65.42,-52.9,23.22,73,100,31.38,overcast clouds
510,Devonport,AU,-41.17,146.35,50.09,86,63,7.34,broken clouds
511,Nueva Loja,EC,0.08,-76.88,84.22,70,40,3.44,scattered clouds
512,Foumban,CM,5.73,10.9,80.71,35,15,1.34,few clouds
513,Jining,CN,35.4,116.58,23.65,24,100,4.45,overcast clouds
514,Callaway,US,30.15,-85.57,68.05,88,100,9.22,heavy intensity rain
515,San Isidro,PE,-12.12,-77.05,71.19,73,75,10.36,broken clouds
516,Chase,CA,50.82,-119.69,26.15,96,100,2.95,snow
517,Dor Marunt,RO,44.45,26.92,38.66,65,100,14.45,overcast clouds
518,Manta,EC,-0.95,-80.73,76.78,73,100,3.44,overcast clouds
519,Praya,CV,14.92,-23.51,77.63,58,69,13.65,broken clouds
520,Clifton,US,40.86,-74.16,55.42,87,100,14.97,moderate rain
521,Irbil,IQ,36.19,44.01,64.22,59,40,13.8,thunderstorm
522,Teknaf,BD,20.86,92.31,76.23,86,7,8.01,clear sky
523,Durban,ZA,-29.86,31.03,77.92,75,0,5.01,clear sky
524,Gobabis,NA,-22.45,18.97,90.88,14,9,16.35,clear sky
525,Dzilam Gonzalez,MX,21.28,-88.93,85.21,61,69,5.32,broken clouds
526,Broome,US,42.25,-75.83,47.7,78,100,7.0,overcast clouds
527,Tanete,ID,-3.94,119.78,77.18,88,100,3.15,overcast clouds
528,Prince Rupert,CA,54.32,-130.32,24.49,44,100,25.32,overcast clouds
529,Angoche,MZ,-16.23,39.91,76.15,82,86,16.17,overcast clouds
530,Yaan,NG,7.38,8.57,93.74,18,68,4.03,broken clouds
531,Amboasary,MG,-25.03,46.38,75.65,87,96,6.87,moderate rain
532,Onguday,RU,50.75,86.15,-1.52,96,100,0.58,overcast clouds
533,Bathsheba,BB,13.22,-59.52,84.81,70,40,17.27,scattered clouds
534,Ambulu,ID,-8.35,113.61,77.02,84,98,2.28,overcast clouds
535,Tarauaca,BR,-8.16,-70.77,94.48,38,37,4.85,scattered clouds
536,Angoram,PG,-4.06,144.07,73.6,99,100,1.28,overcast clouds
537,Diebougou,BF,10.97,-3.25,94.87,15,54,4.21,broken clouds
538,Svetlyy,RU,54.68,20.13,35.65,94,100,7.23,overcast clouds
539,Stokmarknes,NO,68.56,14.91,39.18,70,75,10.36,broken clouds
540,Dargaville,NZ,-35.93,173.88,58.77,61,87,16.02,overcast clouds
541,Bridlington,GB,54.08,-0.19,43.02,89,100,1.99,overcast clouds
542,Isiro,CD,2.77,27.62,69.89,97,97,1.43,light rain
543,Sam Roi Yot,TH,12.27,99.87,76.82,88,98,3.13,overcast clouds
544,Bilibino,RU,68.05,166.44,5.41,93,100,5.21,overcast clouds
545,Asau,RO,46.43,26.4,34.72,88,98,3.24,overcast clouds
546,Tabou,CI,4.42,-7.35,82.18,73,78,6.85,light rain
547,Wangqing,CN,43.32,129.76,6.37,62,100,12.95,overcast clouds
548,Matara,LK,5.95,80.54,76.46,86,98,2.17,overcast clouds
549,Xalpatlahuac,MX,17.47,-98.62,70.0,65,17,2.8,few clouds
550,Linhai,CN,28.85,121.12,39.92,84,100,6.13,overcast clouds
551,Hovd,MN,48.01,91.64,-5.08,78,75,2.35,broken clouds
552,Konstantinovka,RU,49.62,127.98,-17.72,93,48,6.35,scattered clouds
553,Talcahuano,CL,-36.72,-73.12,62.28,59,40,9.22,scattered clouds
554,Enid,US,36.4,-97.88,33.48,58,40,8.05,scattered clouds
555,Gimbi,ET,9.17,35.83,60.69,58,23,2.08,few clouds
556,Sandy Bay,AU,-42.91,147.35,52.09,82,100,3.44,overcast clouds
557,Marathon,US,44.9,-89.77,22.53,77,100,19.57,overcast clouds
558,Ulaangom,MN,49.98,92.07,-16.1,92,74,3.65,broken clouds
559,Marapanim,BR,-0.72,-47.7,88.97,51,100,6.26,overcast clouds
560,Bogalusa,US,30.79,-89.85,66.0,52,0,17.27,clear sky
561,Kassala,SD,15.45,36.4,90.41,16,1,9.42,clear sky
562,Bloemfontein,ZA,-29.12,26.21,85.48,26,40,6.91,scattered clouds
563,Kainantu,PG,-6.29,145.87,58.68,96,94,2.77,overcast clouds
564,Santa Vitoria Do Palmar,BR,-33.52,-53.37,81.5,58,52,12.66,broken clouds
565,Gamboma,CG,-1.88,15.86,75.83,87,56,3.69,light rain
566,Champasak,LA,14.75,106.0,73.83,91,46,1.48,scattered clouds
567,Paralimni,CY,35.04,33.98,67.12,84,66,1.01,broken clouds
568,Corpus Christi,US,27.8,-97.4,57.22,68,40,27.63,scattered clouds
569,Yazman,PK,29.12,71.74,68.23,19,0,4.25,clear sky
570,Saint-Georges,GD,12.06,-61.75,85.68,62,20,18.41,few clouds
571,Mackay,AU,-21.15,149.2,68.68,96,100,7.78,light rain
572,Belaya Gora,RU,68.53,146.42,-16.08,98,100,1.32,overcast clouds
573,Thohoyandou,ZA,-22.95,30.48,76.95,37,0,4.56,clear sky
574,Santa Ines,BR,-3.67,-45.38,85.64,63,100,1.39,overcast clouds
575,Hambantota,LK,6.12,81.12,75.54,100,40,2.3,scattered clouds
576,Chernyakhiv,UA,50.46,28.67,26.91,93,97,5.7,overcast clouds
577,Pustoshka,RU,56.34,29.37,16.47,95,64,5.03,broken clouds
578,Bayburt,TR,40.26,40.23,43.88,81,100,0.92,light rain
579,Maues,BR,-3.38,-57.72,97.18,39,90,1.88,overcast clouds
580,Swan Hill,AU,-35.34,143.55,56.34,73,43,10.69,scattered clouds
581,Madimba,TZ,-10.4,40.33,83.52,74,20,11.5,few clouds
582,Waipawa,NZ,-41.41,175.52,50.72,88,100,15.52,overcast clouds
583,Seredka,RU,58.16,28.19,26.35,92,96,5.5,overcast clouds
584,Gizo,SB,-8.1,156.84,81.84,78,94,6.62,light rain
585,Gabu,GW,12.28,-14.22,95.74,23,37,2.86,scattered clouds
586,Mlowo,TZ,-9.0,32.98,67.78,70,100,2.77,light rain
587,Tagusao,PH,9.19,117.81,79.5,84,76,5.32,broken clouds
588,Broken Hill,AU,-31.95,141.43,65.17,41,0,9.33,clear sky
589,Develi,TR,38.39,35.49,49.35,76,85,3.49,overcast clouds
590,Traverse City,US,44.76,-85.62,30.4,76,100,20.94,overcast clouds
591,Usinsk,RU,65.99,57.53,-6.72,100,99,4.38,overcast clouds
592,Redmond,US,47.67,-122.12,40.86,94,100,5.01,overcast clouds
593,Muravlenko,RU,63.79,74.52,-16.38,99,20,3.71,few clouds
594,Concepcion,CL,-36.83,-73.05,62.4,59,40,9.22,scattered clouds
595,Peterhead,GB,57.51,-1.8,43.2,78,100,18.41,overcast clouds
596,Helong,CN,42.54,129.0,4.46,70,92,14.18,overcast clouds
597,Batagay,RU,67.63,134.63,-30.77,100,100,2.1,overcast clouds
598,Pasighat,IN,28.07,95.33,65.48,54,41,4.34,scattered clouds
599,Walvis Bay,NA,-22.96,14.51,79.75,47,0,18.41,clear sky
600,Mandera,KE,3.94,41.87,89.74,27,48,11.1,scattered clouds
601,Quatre Cocos,MU,-20.21,57.76,77.11,69,34,8.61,scattered clouds
602,Villa Bruzual,VE,9.33,-69.12,87.58,47,7,8.97,clear sky
603,Havre-Saint-Pierre,CA,50.23,-63.6,12.2,78,100,9.22,overcast clouds
604,Olenino,RU,56.21,33.49,17.65,86,100,6.85,overcast clouds
605,Kurmanayevka,RU,52.51,52.07,12.87,96,56,5.3,broken clouds
606,Krasnovishersk,RU,60.41,57.08,9.72,96,99,1.68,light snow
607,Tselinnoye,RU,53.08,85.67,-9.38,95,59,5.32,broken clouds
608,Bambanglipuro,ID,-7.95,110.28,76.82,79,100,1.45,overcast clouds
609,Soyo,AO,-6.13,12.37,77.58,82,100,3.91,overcast clouds
610,Verkhnyaya Toyma,RU,62.23,45.0,11.39,96,78,2.51,broken clouds
611,Perigueux,FR,45.18,0.72,53.01,78,2,4.76,clear sky
612,San Ramon De La Nueva Oran,AR,-23.13,-64.33,97.43,23,76,5.86,broken clouds
613,Atar,MR,20.52,-13.05,87.01,10,0,8.55,clear sky
614,Port Hedland,AU,-20.32,118.57,82.45,74,34,8.05,scattered clouds
615,Jinzhou,CN,41.11,121.14,17.4,31,0,7.65,clear sky
616,Tazovskiy,RU,67.47,78.7,-6.99,100,74,7.63,broken clouds
617,Itarema,BR,-2.92,-39.92,85.66,59,100,11.68,overcast clouds
618,Gorontalo,ID,0.54,123.06,75.88,95,94,3.49,light rain
619,Sipkovica,MK,42.04,20.92,35.22,98,100,3.38,light snow
620,Port-Gentil,GA,-0.72,8.78,82.36,83,40,9.22,scattered clouds
621,San Cristobal,VE,7.77,-72.22,68.18,87,97,4.14,overcast clouds
622,Henties Bay,NA,-22.12,14.28,63.72,79,4,14.34,clear sky
623,Sur,OM,22.57,59.53,77.4,54,54,7.18,broken clouds
624,Manhattan,US,40.78,-73.97,55.65,85,100,21.99,light rain
625,Hervey Bay,AU,-25.3,152.85,69.35,87,100,27.51,light rain
626,Flagstaff,US,35.2,-111.65,39.11,52,0,4.7,clear sky
627,Ixtapa,MX,20.7,-105.2,75.22,67,38,1.74,scattered clouds
628,Bulawayo,ZW,-20.15,28.58,74.93,30,0,11.43,clear sky
629,Vestmannaeyjar,IS,63.44,-20.27,49.21,98,100,26.51,moderate rain
630,Ewa Beach,US,21.32,-158.01,74.41,91,100,3.0,overcast clouds
631,Vadso,NO,70.07,29.75,33.96,75,75,18.41,broken clouds
632,Marsa Matruh,EG,31.35,27.25,67.19,44,1,8.43,clear sky
633,Kodinsk,RU,58.69,99.18,-6.0,94,100,11.23,overcast clouds
634,Pacifica,US,37.61,-122.49,47.35,83,64,3.0,broken clouds
635,Chaman,PK,30.92,66.45,54.46,35,11,1.39,few clouds
636,Cottonwood,US,34.74,-112.01,53.71,62,2,1.01,clear sky
637,Weilheim,DE,47.83,11.15,38.53,90,100,3.47,overcast clouds
638,Dalby,AU,-27.18,151.27,55.98,97,100,1.01,light rain
639,Aden,YE,12.78,45.04,79.84,70,1,12.75,clear sky
640,Kargopol,RU,61.51,38.95,10.44,96,66,2.46,broken clouds
641,Nome,US,64.5,-165.41,18.16,93,100,14.32,snow
642,Viedma,AR,-40.81,-63.0,72.43,31,93,15.19,overcast clouds
643,Terrak,NO,65.09,12.37,39.07,82,98,5.3,overcast clouds
644,Banjarmasin,ID,-3.32,114.59,77.14,95,100,2.8,light rain
645,Pokhara,NP,28.23,83.98,58.98,54,4,4.83,clear sky
646,Nuuk,GL,64.18,-51.72,24.53,93,100,28.66,light snow
647,Areado,BR,-21.36,-46.15,82.45,45,84,8.14,broken clouds
648,Okhotsk,RU,59.38,143.3,7.52,73,100,30.24,overcast clouds
649,La Ronge,CA,55.1,-105.28,-5.35,83,60,3.98,broken clouds
650,Jumla,NP,29.27,82.18,42.46,47,0,4.81,clear sky
651,Ibra,OM,22.69,58.53,71.71,30,82,2.39,broken clouds
652,Sibu,MY,2.3,111.82,73.99,97,100,1.45,overcast clouds
653,Takhtamygda,RU,54.1,123.57,-31.09,98,31,2.86,scattered clouds
654,Boppard,DE,50.23,7.59,46.02,88,100,3.91,overcast clouds
655,Kununurra,AU,-15.77,128.73,80.58,78,100,0.0,overcast clouds
656,Pringsewu,ID,-5.36,104.97,74.01,89,98,5.12,overcast clouds
657,Qaqortoq,GL,60.72,-46.03,23.52,88,82,3.22,broken clouds
658,Hay River,CA,60.82,-115.8,-19.48,99,95,5.41,overcast clouds
659,Nador,MA,35.17,-2.93,62.85,55,0,3.44,clear sky
660,Tubmanburg,LR,6.87,-10.82,82.02,77,95,4.36,moderate rain
661,Baracoa,CU,20.35,-74.5,83.21,63,45,11.54,scattered clouds
662,Severomuysk,RU,56.15,113.43,-24.41,97,100,5.59,overcast clouds
663,Port Hardy,CA,50.7,-127.42,22.62,92,97,5.28,light snow
664,Tori Fatehpur,IN,25.45,79.13,63.27,36,0,4.25,clear sky
665,Belen,TR,36.49,36.22,52.41,80,99,3.85,overcast clouds
666,Araguaina,BR,-7.19,-48.21,83.37,64,100,7.34,overcast clouds
667,Stepantsevo,RU,56.13,41.7,9.37,97,41,2.06,scattered clouds
668,Narsaq,GL,60.92,-46.05,28.62,87,93,4.07,overcast clouds
669,Mattru,SL,7.62,-11.83,84.25,67,96,0.76,moderate rain
670,Manokwari,ID,-0.87,134.08,79.45,81,100,2.59,overcast clouds
671,Carmen,MX,18.63,-91.83,79.36,77,20,14.79,few clouds
672,Faya,SA,18.39,42.45,59.76,66,64,5.39,broken clouds
673,Council Bluffs,US,41.26,-95.86,22.57,61,0,13.8,clear sky
674,Nouadhibou,MR,20.93,-17.03,67.69,65,8,19.8,clear sky
675,Skjervoy,NO,70.03,20.97,32.0,71,48,7.58,scattered clouds
676,Molepolole,BW,-24.41,25.5,86.27,20,0,8.19,clear sky
677,Egvekinot,RU,66.32,-179.17,14.56,73,5,8.63,clear sky
678,Gat,IL,31.61,34.76,66.88,100,0,2.62,clear sky
679,Abilene,US,32.45,-99.73,36.77,61,4,3.0,clear sky
680,Kirovskiy,RU,45.09,133.51,3.97,74,95,12.86,overcast clouds
681,Cedar City,US,37.68,-113.06,39.4,31,6,3.78,clear sky
682,Kuybysheve,UA,47.36,36.65,32.14,45,56,20.47,broken clouds
683,Natal,BR,-5.8,-35.21,84.85,58,20,13.8,few clouds
684,Ostrovskoye,RU,57.81,42.24,9.41,97,39,1.86,scattered clouds
685,Arrecife,ES,28.96,-13.55,73.38,53,20,11.5,few clouds
686,Kirkwall,GB,58.98,-2.96,46.96,81,20,14.97,few clouds
687,Fare,PF,-16.7,-151.02,79.52,76,0,14.38,clear sky
688,Banjar,ID,-8.19,114.97,76.42,89,100,7.14,overcast clouds
689,Oranjemund,NA,-28.55,16.43,66.02,75,4,13.27,clear sky
690,Makhu,IN,31.1,75.0,62.55,30,0,3.83,clear sky
691,Las Cruces,US,32.31,-106.78,50.2,44,0,0.0,clear sky
692,Dekar,BW,-21.53,21.93,88.57,18,1,13.33,clear sky
693,Aasiaat,GL,68.71,-52.87,19.13,93,100,7.14,light snow
694,Mayo,US,38.89,-76.51,53.71,92,100,14.97,overcast clouds
695,Yokadouma,CM,3.52,15.05,79.11,59,100,1.57,overcast clouds
696,Trofors,NO,65.53,13.41,22.87,92,92,3.8,overcast clouds
697,Lanzhou,CN,36.06,103.79,20.79,36,5,3.09,clear sky
698,Inongo,CD,-1.95,18.27,72.0,89,96,4.47,overcast clouds
699,Shenkursk,RU,62.11,42.9,8.31,98,71,2.62,broken clouds
700,Conde,BR,-7.26,-34.91,80.96,61,100,11.05,overcast clouds
701,Yining,CN,29.04,114.56,30.69,89,100,5.21,overcast clouds
702,Nizhniy Ingash,RU,56.2,96.53,-3.82,84,68,9.98,broken clouds
703,Myaundzha,RU,63.05,147.19,-13.95,94,100,4.63,overcast clouds
704,Talnakh,RU,69.49,88.4,-4.67,99,100,4.99,overcast clouds
705,Muisne,EC,0.6,-80.03,76.24,78,99,9.82,overcast clouds
706,Huarmey,PE,-10.07,-78.15,72.61,72,70,10.51,broken clouds
707,Belawan,ID,3.78,98.68,80.89,90,100,5.88,overcast clouds
708,Urengoy,RU,65.97,78.37,-13.29,99,30,4.25,scattered clouds
709,Praia,CV,14.92,-23.51,77.63,58,69,13.65,broken clouds
710,Deputatskiy,RU,69.3,139.9,-17.54,100,100,2.26,overcast clouds
711,Mwingi,KE,-0.93,38.06,65.84,91,74,2.53,light rain
712,Gwadar,PK,25.12,62.33,77.41,48,33,6.17,scattered clouds
713,Oranjestad,AW,12.52,-70.03,85.91,73,4,7.0,clear sky
714,Puerto Carreno,CO,6.19,-67.49,85.89,60,74,12.08,broken clouds
715,Puerto Leguizamo,CO,-0.19,-74.78,85.96,56,95,5.7,overcast clouds
716,Nizwa,OM,22.93,57.53,75.31,33,59,2.93,broken clouds
717,Mbour,SN,14.42,-16.96,95.85,35,14,8.88,few clouds
718,Sebeta,ET,8.92,38.62,60.84,38,15,7.72,few clouds
719,Sola,VU,-13.88,167.55,82.18,75,77,11.61,broken clouds
720,Baruun-Urt,MN,46.68,113.28,-7.17,80,25,12.17,scattered clouds
721,Khani,GE,41.96,42.96,49.57,77,100,5.68,overcast clouds
722,Santa Isabel Do Rio Negro,BR,-0.41,-65.02,92.44,47,59,4.23,broken clouds
723,Damphu,BT,27.07,90.11,53.8,70,12,5.23,few clouds
724,Montepuez,MZ,-13.13,39.0,85.19,34,100,5.1,overcast clouds
725,Worland,US,44.02,-107.96,4.35,92,0,5.75,clear sky
726,Kotri,PK,25.37,68.31,73.72,15,0,8.1,clear sky
727,Savalou,BJ,7.93,1.98,95.97,20,26,3.53,scattered clouds
728,Kirakira,SB,-10.45,161.92,78.76,83,100,1.43,overcast clouds
729,Haimen,CN,23.19,116.61,63.18,76,94,18.57,overcast clouds
730,Royan,FR,45.63,-1.03,47.84,73,43,12.59,scattered clouds
731,Outjo,NA,-20.12,16.15,96.19,13,75,14.2,broken clouds
732,Wucheng,CN,29.6,118.18,29.77,96,100,4.65,light snow
733,Honningsvag,NO,70.98,25.97,35.35,80,75,16.11,broken clouds
734,Paita,PE,-5.09,-81.11,72.82,72,78,9.4,broken clouds
735,Salina Cruz,MX,16.17,-95.2,84.72,60,45,3.71,scattered clouds
736,Khandyga,RU,62.67,135.6,-32.13,97,100,0.96,overcast clouds
737,Kabo,CF,7.7,18.63,88.84,22,77,3.91,broken clouds
738,Arman,RU,59.7,150.17,26.02,90,100,23.8,light snow
739,Cravo Norte,CO,6.3,-70.2,85.37,57,40,13.11,scattered clouds
740,Matamoros,MX,25.53,-103.25,65.1,23,1,0.25,clear sky
741,Gangarampur,IN,25.4,88.52,69.26,54,2,3.71,clear sky
742,Seddon,AU,-37.81,144.89,56.61,87,75,6.91,broken clouds
743,Shirokiy,RU,49.76,129.52,-18.53,93,53,8.3,broken clouds
744,Coldingham,GB,55.89,-2.16,40.01,84,85,7.27,overcast clouds
745,Teguldet,RU,57.31,88.17,-17.03,100,14,2.35,few clouds
746,Llanes,ES,43.42,-4.75,57.88,80,100,12.77,overcast clouds
747,Bodden Town,KY,19.28,-81.25,86.99,71,20,11.5,few clouds
748,Alofi,NU,-19.06,-169.92,77.65,82,82,9.26,broken clouds
749,Albenga,IT,44.05,8.22,53.62,61,7,11.99,clear sky
750,Barillas,GT,15.8,-91.32,70.45,49,48,4.5,scattered clouds
751,Rongcheng,CN,30.63,117.85,31.78,85,100,4.43,light snow
752,Ust-Ilimsk,RU,58.0,102.66,-5.21,96,100,12.15,light snow
